id,kode_provinsi,nama_provinsi,kode_kabupaten_kota,nama_kabupaten_kota,pendidikan,jumlah_pengangguran,satuan,tahun
622,32,JAWA BARAT,3201,KABUPATEN BOGOR,TIDAK/BELUM PERNAH SEKOLAH/TIDAK/BELUM TAMAT SD,13890.0,ORANG,2017
623,32,JAWA BARAT,3201,KABUPATEN BOGOR,SD,34129.0,ORANG,2017
624,32,JAWA BARAT,3201,KABUPATEN BOGOR,SMP,43728.0,ORANG,2017
625,32,JAWA BARAT,3201,KABUPATEN BOGOR,SMA,136428.0,ORANG,2017
626,32,JAWA BARAT,3201,KABUPATEN BOGOR,DIPLOMA I/II/III/AKADEMI/UNIVERSITAS,20193.0,ORANG,2017
627,32,JAWA BARAT,3202,KABUPATEN SUKABUMI,TIDAK/BELUM PERNAH SEKOLAH/TIDAK/BELUM TAMAT SD,7282.0,ORANG,2017
628,32,JAWA BARAT,3202,KABUPATEN SUKABUMI,SD,21197.0,ORANG,2017
629,32,JAWA BARAT,3202,KABUPATEN SUKABUMI,SMP,30464.0,ORANG,2017
630,32,JAWA BARAT,3202,KABUPATEN SUKABUMI,SMA,23682.0,ORANG,2017
631,32,JAWA BARAT,3202,KABUPATEN SUKABUMI,DIPLOMA I/II/III/AKADEMI/UNIVERSITAS,3389.0,ORANG,2017
632,32,JAWA BARAT,3203,KABUPATEN CIANJUR,TIDAK/BELUM PERNAH SEKOLAH/TIDAK/BELUM TAMAT SD,0.0,ORANG,2017
633,32,JAWA BARAT,3203,KABUPATEN CIANJUR,SD,28135.0,ORANG,2017
634,32,JAWA BARAT,3203,KABUPATEN CIANJUR,SMP,27977.0,ORANG,2017
635,32,JAWA BARAT,3203,KABUPATEN CIANJUR,SMA,36965.0,ORANG,2017
636,32,JAWA BARAT,3203,KABUPATEN CIANJUR,DIPLOMA I/II/III/AKADEMI/UNIVERSITAS,2023.0,ORANG,2017
637,32,JAWA BARAT,3204,KABUPATEN BANDUNG,TIDAK/BELUM PERNAH SEKOLAH/TIDAK/BELUM TAMAT SD,0.0,ORANG,2017
638,32,JAWA BARAT,3204,KABUPATEN BANDUNG,SD,3906.0,ORANG,2017
639,32,JAWA BARAT,3204,KABUPATEN BANDUNG,SMP,11456.0,ORANG,2017
640,32,JAWA BARAT,3204,KABUPATEN BANDUNG,SMA,42793.0,ORANG,2017
641,32,JAWA BARAT,3204,KABUPATEN BANDUNG,DIPLOMA I/II/III/AKADEMI/UNIVERSITAS,6518.0,ORANG,2017
642,32,JAWA BARAT,3205,KABUPATEN GARUT,TIDAK/BELUM PERNAH SEKOLAH/TIDAK/BELUM TAMAT SD,0.0,ORANG,2017
643,32,JAWA BARAT,3205,KABUPATEN GARUT,SD,8844.0,ORANG,2017
644,32,JAWA BARAT,3205,KABUPATEN GARUT,SMP,23860.0,ORANG,2017
645,32,JAWA BARAT,3205,KABUPATEN GARUT,SMA,49423.0,ORANG,2017
646,32,JAWA BARAT,3205,KABUPATEN GARUT,DIPLOMA I/II/III/AKADEMI/UNIVERSITAS,6984.0,ORANG,2017
647,32,JAWA BARAT,3206,KABUPATEN TASIKMALAYA,TIDAK/BELUM PERNAH SEKOLAH/TIDAK/BELUM TAMAT SD,1413.0,ORANG,2017
648,32,JAWA BARAT,3206,KABUPATEN TASIKMALAYA,SD,10802.0,ORANG,2017
649,32,JAWA BARAT,3206,KABUPATEN TASIKMALAYA,SMP,25885.0,ORANG,2017
650,32,JAWA BARAT,3206,KABUPATEN TASIKMALAYA,SMA,13696.0,ORANG,2017
651,32,JAWA BARAT,3206,KABUPATEN TASIKMALAYA,DIPLOMA I/II/III/AKADEMI/UNIVERSITAS,2104.0,ORANG,2017
652,32,JAWA BARAT,3207,KABUPATEN CIAMIS,TIDAK/BELUM PERNAH SEKOLAH/TIDAK/BELUM TAMAT SD,0.0,ORANG,2017
653,32,JAWA BARAT,3207,KABUPATEN CIAMIS,SD,8283.0,ORANG,2017
654,32,JAWA BARAT,3207,KABUPATEN CIAMIS,SMP,10833.0,ORANG,2017
655,32,JAWA BARAT,3207,KABUPATEN CIAMIS,SMA,13693.0,ORANG,2017
656,32,JAWA BARAT,3207,KABUPATEN CIAMIS,DIPLOMA I/II/III/AKADEMI/UNIVERSITAS,0.0,ORANG,2017
657,32,JAWA BARAT,3208,KABUPATEN KUNINGAN,TIDAK/BELUM PERNAH SEKOLAH/TIDAK/BELUM TAMAT SD,2687.0,ORANG,2017
658,32,JAWA BARAT,3208,KABUPATEN KUNINGAN,SD,5782.0,ORANG,2017
659,32,JAWA BARAT,3208,KABUPATEN KUNINGAN,SMP,9197.0,ORANG,2017
660,32,JAWA BARAT,3208,KABUPATEN KUNINGAN,SMA,16287.0,ORANG,2017
661,32,JAWA BARAT,3208,KABUPATEN KUNINGAN,DIPLOMA I/II/III/AKADEMI/UNIVERSITAS,2750.0,ORANG,2017
662,32,JAWA BARAT,3209,KABUPATEN CIREBON,TIDAK/BELUM PERNAH SEKOLAH/TIDAK/BELUM TAMAT SD,12453.0,ORANG,2017
663,32,JAWA BARAT,3209,KABUPATEN CIREBON,SD,17648.0,ORANG,2017
664,32,JAWA BARAT,3209,KABUPATEN CIREBON,SMP,16503.0,ORANG,2017
665,32,JAWA BARAT,3209,KABUPATEN CIREBON,SMA,42051.0,ORANG,2017
666,32,JAWA BARAT,3209,KABUPATEN CIREBON,DIPLOMA I/II/III/AKADEMI/UNIVERSITAS,5007.0,ORANG,2017
667,32,JAWA BARAT,3210,KABUPATEN MAJALENGKA,TIDAK/BELUM PERNAH SEKOLAH/TIDAK/BELUM TAMAT SD,1315.0,ORANG,2017
668,32,JAWA BARAT,3210,KABUPATEN MAJALENGKA,SD,9109.0,ORANG,2017
669,32,JAWA BARAT,3210,KABUPATEN MAJALENGKA,SMP,9317.0,ORANG,2017
670,32,JAWA BARAT,3210,KABUPATEN MAJALENGKA,SMA,10372.0,ORANG,2017
671,32,JAWA BARAT,3210,KABUPATEN MAJALENGKA,DIPLOMA I/II/III/AKADEMI/UNIVERSITAS,0.0,ORANG,2017
672,32,JAWA BARAT,3211,KABUPATEN SUMEDANG,TIDAK/BELUM PERNAH SEKOLAH/TIDAK/BELUM TAMAT SD,2399.0,ORANG,2017
673,32,JAWA BARAT,3211,KABUPATEN SUMEDANG,SD,5300.0,ORANG,2017
674,32,JAWA BARAT,3211,KABUPATEN SUMEDANG,SMP,10013.0,ORANG,2017
675,32,JAWA BARAT,3211,KABUPATEN SUMEDANG,SMA,20024.0,ORANG,2017
676,32,JAWA BARAT,3211,KABUPATEN SUMEDANG,DIPLOMA I/II/III/AKADEMI/UNIVERSITAS,1242.0,ORANG,2017
677,32,JAWA BARAT,3212,KABUPATEN INDRAMAYU,TIDAK/BELUM PERNAH SEKOLAH/TIDAK/BELUM TAMAT SD,6447.0,ORANG,2017
678,32,JAWA BARAT,3212,KABUPATEN INDRAMAYU,SD,23045.0,ORANG,2017
679,32,JAWA BARAT,3212,KABUPATEN INDRAMAYU,SMP,16883.0,ORANG,2017
680,32,JAWA BARAT,3212,KABUPATEN INDRAMAYU,SMA,23344.0,ORANG,2017
681,32,JAWA BARAT,3212,KABUPATEN INDRAMAYU,DIPLOMA I/II/III/AKADEMI/UNIVERSITAS,792.0,ORANG,2017
682,32,JAWA BARAT,3213,KABUPATEN SUBANG,TIDAK/BELUM PERNAH SEKOLAH/TIDAK/BELUM TAMAT SD,6811.0,ORANG,2017
683,32,JAWA BARAT,3213,KABUPATEN SUBANG,SD,14921.0,ORANG,2017
684,32,JAWA BARAT,3213,KABUPATEN SUBANG,SMP,17385.0,ORANG,2017
685,32,JAWA BARAT,3213,KABUPATEN SUBANG,SMA,26870.0,ORANG,2017
686,32,JAWA BARAT,3213,KABUPATEN SUBANG,DIPLOMA I/II/III/AKADEMI/UNIVERSITAS,3371.0,ORANG,2017
687,32,JAWA BARAT,3214,KABUPATEN PURWAKARTA,TIDAK/BELUM PERNAH SEKOLAH/TIDAK/BELUM TAMAT SD,3325.0,ORANG,2017
688,32,JAWA BARAT,3214,KABUPATEN PURWAKARTA,SD,6933.0,ORANG,2017
689,32,JAWA BARAT,3214,KABUPATEN PURWAKARTA,SMP,9065.0,ORANG,2017
690,32,JAWA BARAT,3214,KABUPATEN PURWAKARTA,SMA,19600.0,ORANG,2017
691,32,JAWA BARAT,3214,KABUPATEN PURWAKARTA,DIPLOMA I/II/III/AKADEMI/UNIVERSITAS,447.0,ORANG,2017
692,32,JAWA BARAT,3215,KABUPATEN KARAWANG,TIDAK/BELUM PERNAH SEKOLAH/TIDAK/BELUM TAMAT SD,7430.0,ORANG,2017
693,32,JAWA BARAT,3215,KABUPATEN KARAWANG,SD,7026.0,ORANG,2017
694,32,JAWA BARAT,3215,KABUPATEN KARAWANG,SMP,31094.0,ORANG,2017
695,32,JAWA BARAT,3215,KABUPATEN KARAWANG,SMA,57059.0,ORANG,2017
696,32,JAWA BARAT,3215,KABUPATEN KARAWANG,DIPLOMA I/II/III/AKADEMI/UNIVERSITAS,4108.0,ORANG,2017
697,32,JAWA BARAT,3216,KABUPATEN BEKASI,TIDAK/BELUM PERNAH SEKOLAH/TIDAK/BELUM TAMAT SD,5786.0,ORANG,2017
698,32,JAWA BARAT,3216,KABUPATEN BEKASI,SD,22535.0,ORANG,2017
699,32,JAWA BARAT,3216,KABUPATEN BEKASI,SMP,32412.0,ORANG,2017
700,32,JAWA BARAT,3216,KABUPATEN BEKASI,SMA,104268.0,ORANG,2017
701,32,JAWA BARAT,3216,KABUPATEN BEKASI,DIPLOMA I/II/III/AKADEMI/UNIVERSITAS,7411.0,ORANG,2017
702,32,JAWA BARAT,3217,KABUPATEN BANDUNG BARAT,TIDAK/BELUM PERNAH SEKOLAH/TIDAK/BELUM TAMAT SD,7972.0,ORANG,2017
703,32,JAWA BARAT,3217,KABUPATEN BANDUNG BARAT,SD,15316.0,ORANG,2017
704,32,JAWA BARAT,3217,KABUPATEN BANDUNG BARAT,SMP,10663.0,ORANG,2017
705,32,JAWA BARAT,3217,KABUPATEN BANDUNG BARAT,SMA,29213.0,ORANG,2017
706,32,JAWA BARAT,3217,KABUPATEN BANDUNG BARAT,DIPLOMA I/II/III/AKADEMI/UNIVERSITAS,5946.0,ORANG,2017
707,32,JAWA BARAT,3218,KABUPATEN PANGANDARAN,TIDAK/BELUM PERNAH SEKOLAH/TIDAK/BELUM TAMAT SD,375.0,ORANG,2017
708,32,JAWA BARAT,3218,KABUPATEN PANGANDARAN,SD,1312.0,ORANG,2017
709,32,JAWA BARAT,3218,KABUPATEN PANGANDARAN,SMP,2050.0,ORANG,2017
710,32,JAWA BARAT,3218,KABUPATEN PANGANDARAN,SMA,3541.0,ORANG,2017
711,32,JAWA BARAT,3218,KABUPATEN PANGANDARAN,DIPLOMA I/II/III/AKADEMI/UNIVERSITAS,863.0,ORANG,2017
712,32,JAWA BARAT,3271,KOTA BOGOR,TIDAK/BELUM PERNAH SEKOLAH/TIDAK/BELUM TAMAT SD,5872.0,ORANG,2017
713,32,JAWA BARAT,3271,KOTA BOGOR,SD,6134.0,ORANG,2017
714,32,JAWA BARAT,3271,KOTA BOGOR,SMP,7007.0,ORANG,2017
715,32,JAWA BARAT,3271,KOTA BOGOR,SMA,22819.0,ORANG,2017
716,32,JAWA BARAT,3271,KOTA BOGOR,DIPLOMA I/II/III/AKADEMI/UNIVERSITAS,5606.0,ORANG,2017
717,32,JAWA BARAT,3272,KOTA SUKABUMI,TIDAK/BELUM PERNAH SEKOLAH/TIDAK/BELUM TAMAT SD,254.0,ORANG,2017
718,32,JAWA BARAT,3272,KOTA SUKABUMI,SD,811.0,ORANG,2017
719,32,JAWA BARAT,3272,KOTA SUKABUMI,SMP,2893.0,ORANG,2017
720,32,JAWA BARAT,3272,KOTA SUKABUMI,SMA,6701.0,ORANG,2017
721,32,JAWA BARAT,3272,KOTA SUKABUMI,DIPLOMA I/II/III/AKADEMI/UNIVERSITAS,717.0,ORANG,2017
722,32,JAWA BARAT,3273,KOTA BANDUNG,TIDAK/BELUM PERNAH SEKOLAH/TIDAK/BELUM TAMAT SD,2892.0,ORANG,2017
723,32,JAWA BARAT,3273,KOTA BANDUNG,SD,6512.0,ORANG,2017
724,32,JAWA BARAT,3273,KOTA BANDUNG,SMP,18380.0,ORANG,2017
725,32,JAWA BARAT,3273,KOTA BANDUNG,SMA,42946.0,ORANG,2017
726,32,JAWA BARAT,3273,KOTA BANDUNG,DIPLOMA I/II/III/AKADEMI/UNIVERSITAS,32139.0,ORANG,2017
727,32,JAWA BARAT,3274,KOTA CIREBON,TIDAK/BELUM PERNAH SEKOLAH/TIDAK/BELUM TAMAT SD,1693.0,ORANG,2017
728,32,JAWA BARAT,3274,KOTA CIREBON,SD,2957.0,ORANG,2017
729,32,JAWA BARAT,3274,KOTA CIREBON,SMP,2610.0,ORANG,2017
730,32,JAWA BARAT,3274,KOTA CIREBON,SMA,6202.0,ORANG,2017
731,32,JAWA BARAT,3274,KOTA CIREBON,DIPLOMA I/II/III/AKADEMI/UNIVERSITAS,1106.0,ORANG,2017
732,32,JAWA BARAT,3275,KOTA BEKASI,TIDAK/BELUM PERNAH SEKOLAH/TIDAK/BELUM TAMAT SD,2223.0,ORANG,2017
733,32,JAWA BARAT,3275,KOTA BEKASI,SD,9760.0,ORANG,2017
734,32,JAWA BARAT,3275,KOTA BEKASI,SMP,16099.0,ORANG,2017
735,32,JAWA BARAT,3275,KOTA BEKASI,SMA,66698.0,ORANG,2017
736,32,JAWA BARAT,3275,KOTA BEKASI,DIPLOMA I/II/III/AKADEMI/UNIVERSITAS,35474.0,ORANG,2017
737,32,JAWA BARAT,3276,KOTA DEPOK,TIDAK/BELUM PERNAH SEKOLAH/TIDAK/BELUM TAMAT SD,3467.0,ORANG,2017
738,32,JAWA BARAT,3276,KOTA DEPOK,SD,2284.0,ORANG,2017
739,32,JAWA BARAT,3276,KOTA DEPOK,SMP,4595.0,ORANG,2017
740,32,JAWA BARAT,3276,KOTA DEPOK,SMA,46670.0,ORANG,2017
741,32,JAWA BARAT,3276,KOTA DEPOK,DIPLOMA I/II/III/AKADEMI/UNIVERSITAS,19009.0,ORANG,2017
742,32,JAWA BARAT,3277,KOTA CIMAHI,TIDAK/BELUM PERNAH SEKOLAH/TIDAK/BELUM TAMAT SD,1066.0,ORANG,2017
743,32,JAWA BARAT,3277,KOTA CIMAHI,SD,3933.0,ORANG,2017
744,32,JAWA BARAT,3277,KOTA CIMAHI,SMP,4758.0,ORANG,2017
745,32,JAWA BARAT,3277,KOTA CIMAHI,SMA,12254.0,ORANG,2017
746,32,JAWA BARAT,3277,KOTA CIMAHI,DIPLOMA I/II/III/AKADEMI/UNIVERSITAS,3022.0,ORANG,2017
747,32,JAWA BARAT,3278,KOTA TASIKMALAYA,TIDAK/BELUM PERNAH SEKOLAH/TIDAK/BELUM TAMAT SD,562.0,ORANG,2017
748,32,JAWA BARAT,3278,KOTA TASIKMALAYA,SD,3927.0,ORANG,2017
749,32,JAWA BARAT,3278,KOTA TASIKMALAYA,SMP,2213.0,ORANG,2017
750,32,JAWA BARAT,3278,KOTA TASIKMALAYA,SMA,10990.0,ORANG,2017
751,32,JAWA BARAT,3278,KOTA TASIKMALAYA,DIPLOMA I/II/III/AKADEMI/UNIVERSITAS,3786.0,ORANG,2017
752,32,JAWA BARAT,3279,KOTA BANJAR,TIDAK/BELUM PERNAH SEKOLAH/TIDAK/BELUM TAMAT SD,232.0,ORANG,2017
753,32,JAWA BARAT,3279,KOTA BANJAR,SD,848.0,ORANG,2017
754,32,JAWA BARAT,3279,KOTA BANJAR,SMP,763.0,ORANG,2017
755,32,JAWA BARAT,3279,KOTA BANJAR,SMA,3400.0,ORANG,2017
756,32,JAWA BARAT,3279,KOTA BANJAR,DIPLOMA I/II/III/AKADEMI/UNIVERSITAS,94.0,ORANG,2017
757,32,JAWA BARAT,3201,KABUPATEN BOGOR,TIDAK/BELUM PERNAH SEKOLAH/TIDAK/BELUM TAMAT SD,5823.0,ORANG,2018
758,32,JAWA BARAT,3201,KABUPATEN BOGOR,SD,42658.0,ORANG,2018
759,32,JAWA BARAT,3201,KABUPATEN BOGOR,SMP,43485.0,ORANG,2018
760,32,JAWA BARAT,3201,KABUPATEN BOGOR,SMA,136782.0,ORANG,2018
761,32,JAWA BARAT,3201,KABUPATEN BOGOR,DIPLOMA I/II/III/AKADEMI/UNIVERSITAS,25842.0,ORANG,2018
762,32,JAWA BARAT,3202,KABUPATEN SUKABUMI,TIDAK/BELUM PERNAH SEKOLAH/TIDAK/BELUM TAMAT SD,3548.0,ORANG,2018
763,32,JAWA BARAT,3202,KABUPATEN SUKABUMI,SD,23013.0,ORANG,2018
764,32,JAWA BARAT,3202,KABUPATEN SUKABUMI,SMP,17927.0,ORANG,2018
765,32,JAWA BARAT,3202,KABUPATEN SUKABUMI,SMA,39648.0,ORANG,2018
766,32,JAWA BARAT,3202,KABUPATEN SUKABUMI,DIPLOMA I/II/III/AKADEMI/UNIVERSITAS,2429.0,ORANG,2018
767,32,JAWA BARAT,3203,KABUPATEN CIANJUR,TIDAK/BELUM PERNAH SEKOLAH/TIDAK/BELUM TAMAT SD,2541.0,ORANG,2018
768,32,JAWA BARAT,3203,KABUPATEN CIANJUR,SD,30121.0,ORANG,2018
769,32,JAWA BARAT,3203,KABUPATEN CIANJUR,SMP,29035.0,ORANG,2018
770,32,JAWA BARAT,3203,KABUPATEN CIANJUR,SMA,34936.0,ORANG,2018
771,32,JAWA BARAT,3203,KABUPATEN CIANJUR,DIPLOMA I/II/III/AKADEMI/UNIVERSITAS,3014.0,ORANG,2018
772,32,JAWA BARAT,3204,KABUPATEN BANDUNG,TIDAK/BELUM PERNAH SEKOLAH/TIDAK/BELUM TAMAT SD,4573.0,ORANG,2018
773,32,JAWA BARAT,3204,KABUPATEN BANDUNG,SD,13934.0,ORANG,2018
774,32,JAWA BARAT,3204,KABUPATEN BANDUNG,SMP,18458.0,ORANG,2018
775,32,JAWA BARAT,3204,KABUPATEN BANDUNG,SMA,39063.0,ORANG,2018
776,32,JAWA BARAT,3204,KABUPATEN BANDUNG,DIPLOMA I/II/III/AKADEMI/UNIVERSITAS,6912.0,ORANG,2018
777,32,JAWA BARAT,3205,KABUPATEN GARUT,TIDAK/BELUM PERNAH SEKOLAH/TIDAK/BELUM TAMAT SD,2414.0,ORANG,2018
778,32,JAWA BARAT,3205,KABUPATEN GARUT,SD,17657.0,ORANG,2018
779,32,JAWA BARAT,3205,KABUPATEN GARUT,SMP,15770.0,ORANG,2018
780,32,JAWA BARAT,3205,KABUPATEN GARUT,SMA,41596.0,ORANG,2018
781,32,JAWA BARAT,3205,KABUPATEN GARUT,DIPLOMA I/II/III/AKADEMI/UNIVERSITAS,0.0,ORANG,2018
782,32,JAWA BARAT,3206,KABUPATEN TASIKMALAYA,TIDAK/BELUM PERNAH SEKOLAH/TIDAK/BELUM TAMAT SD,679.0,ORANG,2018
783,32,JAWA BARAT,3206,KABUPATEN TASIKMALAYA,SD,13110.0,ORANG,2018
784,32,JAWA BARAT,3206,KABUPATEN TASIKMALAYA,SMP,8277.0,ORANG,2018
785,32,JAWA BARAT,3206,KABUPATEN TASIKMALAYA,SMA,32751.0,ORANG,2018
786,32,JAWA BARAT,3206,KABUPATEN TASIKMALAYA,DIPLOMA I/II/III/AKADEMI/UNIVERSITAS,1929.0,ORANG,2018
787,32,JAWA BARAT,3207,KABUPATEN CIAMIS,TIDAK/BELUM PERNAH SEKOLAH/TIDAK/BELUM TAMAT SD,0.0,ORANG,2018
788,32,JAWA BARAT,3207,KABUPATEN CIAMIS,SD,4526.0,ORANG,2018
789,32,JAWA BARAT,3207,KABUPATEN CIAMIS,SMP,9067.0,ORANG,2018
790,32,JAWA BARAT,3207,KABUPATEN CIAMIS,SMA,13185.0,ORANG,2018
791,32,JAWA BARAT,3207,KABUPATEN CIAMIS,DIPLOMA I/II/III/AKADEMI/UNIVERSITAS,1367.0,ORANG,2018
792,32,JAWA BARAT,3208,KABUPATEN KUNINGAN,TIDAK/BELUM PERNAH SEKOLAH/TIDAK/BELUM TAMAT SD,481.0,ORANG,2018
793,32,JAWA BARAT,3208,KABUPATEN KUNINGAN,SD,7340.0,ORANG,2018
794,32,JAWA BARAT,3208,KABUPATEN KUNINGAN,SMP,6851.0,ORANG,2018
795,32,JAWA BARAT,3208,KABUPATEN KUNINGAN,SMA,21418.0,ORANG,2018
796,32,JAWA BARAT,3208,KABUPATEN KUNINGAN,DIPLOMA I/II/III/AKADEMI/UNIVERSITAS,6645.0,ORANG,2018
797,32,JAWA BARAT,3209,KABUPATEN CIREBON,TIDAK/BELUM PERNAH SEKOLAH/TIDAK/BELUM TAMAT SD,7665.0,ORANG,2018
798,32,JAWA BARAT,3209,KABUPATEN CIREBON,SD,24458.0,ORANG,2018
799,32,JAWA BARAT,3209,KABUPATEN CIREBON,SMP,28461.0,ORANG,2018
800,32,JAWA BARAT,3209,KABUPATEN CIREBON,SMA,39991.0,ORANG,2018
801,32,JAWA BARAT,3209,KABUPATEN CIREBON,DIPLOMA I/II/III/AKADEMI/UNIVERSITAS,4609.0,ORANG,2018
802,32,JAWA BARAT,3210,KABUPATEN MAJALENGKA,TIDAK/BELUM PERNAH SEKOLAH/TIDAK/BELUM TAMAT SD,1160.0,ORANG,2018
803,32,JAWA BARAT,3210,KABUPATEN MAJALENGKA,SD,5277.0,ORANG,2018
804,32,JAWA BARAT,3210,KABUPATEN MAJALENGKA,SMP,6389.0,ORANG,2018
805,32,JAWA BARAT,3210,KABUPATEN MAJALENGKA,SMA,16192.0,ORANG,2018
806,32,JAWA BARAT,3210,KABUPATEN MAJALENGKA,DIPLOMA I/II/III/AKADEMI/UNIVERSITAS,782.0,ORANG,2018
807,32,JAWA BARAT,3211,KABUPATEN SUMEDANG,TIDAK/BELUM PERNAH SEKOLAH/TIDAK/BELUM TAMAT SD,1019.0,ORANG,2018
808,32,JAWA BARAT,3211,KABUPATEN SUMEDANG,SD,7282.0,ORANG,2018
809,32,JAWA BARAT,3211,KABUPATEN SUMEDANG,SMP,8412.0,ORANG,2018
810,32,JAWA BARAT,3211,KABUPATEN SUMEDANG,SMA,23062.0,ORANG,2018
811,32,JAWA BARAT,3211,KABUPATEN SUMEDANG,DIPLOMA I/II/III/AKADEMI/UNIVERSITAS,1489.0,ORANG,2018
812,32,JAWA BARAT,3212,KABUPATEN INDRAMAYU,TIDAK/BELUM PERNAH SEKOLAH/TIDAK/BELUM TAMAT SD,6944.0,ORANG,2018
813,32,JAWA BARAT,3212,KABUPATEN INDRAMAYU,SD,23236.0,ORANG,2018
814,32,JAWA BARAT,3212,KABUPATEN INDRAMAYU,SMP,9850.0,ORANG,2018
815,32,JAWA BARAT,3212,KABUPATEN INDRAMAYU,SMA,29410.0,ORANG,2018
816,32,JAWA BARAT,3212,KABUPATEN INDRAMAYU,DIPLOMA I/II/III/AKADEMI/UNIVERSITAS,1396.0,ORANG,2018
817,32,JAWA BARAT,3213,KABUPATEN SUBANG,TIDAK/BELUM PERNAH SEKOLAH/TIDAK/BELUM TAMAT SD,4465.0,ORANG,2018
818,32,JAWA BARAT,3213,KABUPATEN SUBANG,SD,9975.0,ORANG,2018
819,32,JAWA BARAT,3213,KABUPATEN SUBANG,SMP,18380.0,ORANG,2018
820,32,JAWA BARAT,3213,KABUPATEN SUBANG,SMA,31512.0,ORANG,2018
821,32,JAWA BARAT,3213,KABUPATEN SUBANG,DIPLOMA I/II/III/AKADEMI/UNIVERSITAS,3067.0,ORANG,2018
822,32,JAWA BARAT,3214,KABUPATEN PURWAKARTA,TIDAK/BELUM PERNAH SEKOLAH/TIDAK/BELUM TAMAT SD,2858.0,ORANG,2018
823,32,JAWA BARAT,3214,KABUPATEN PURWAKARTA,SD,4812.0,ORANG,2018
824,32,JAWA BARAT,3214,KABUPATEN PURWAKARTA,SMP,3419.0,ORANG,2018
825,32,JAWA BARAT,3214,KABUPATEN PURWAKARTA,SMA,30582.0,ORANG,2018
826,32,JAWA BARAT,3214,KABUPATEN PURWAKARTA,DIPLOMA I/II/III/AKADEMI/UNIVERSITAS,1728.0,ORANG,2018
827,32,JAWA BARAT,3215,KABUPATEN KARAWANG,TIDAK/BELUM PERNAH SEKOLAH/TIDAK/BELUM TAMAT SD,2360.0,ORANG,2018
828,32,JAWA BARAT,3215,KABUPATEN KARAWANG,SD,13405.0,ORANG,2018
829,32,JAWA BARAT,3215,KABUPATEN KARAWANG,SMP,19488.0,ORANG,2018
830,32,JAWA BARAT,3215,KABUPATEN KARAWANG,SMA,63653.0,ORANG,2018
831,32,JAWA BARAT,3215,KABUPATEN KARAWANG,DIPLOMA I/II/III/AKADEMI/UNIVERSITAS,3232.0,ORANG,2018
832,32,JAWA BARAT,3216,KABUPATEN BEKASI,TIDAK/BELUM PERNAH SEKOLAH/TIDAK/BELUM TAMAT SD,8768.0,ORANG,2018
833,32,JAWA BARAT,3216,KABUPATEN BEKASI,SD,12433.0,ORANG,2018
834,32,JAWA BARAT,3216,KABUPATEN BEKASI,SMP,26990.0,ORANG,2018
835,32,JAWA BARAT,3216,KABUPATEN BEKASI,SMA,104608.0,ORANG,2018
836,32,JAWA BARAT,3216,KABUPATEN BEKASI,DIPLOMA I/II/III/AKADEMI/UNIVERSITAS,5192.0,ORANG,2018
837,32,JAWA BARAT,3217,KABUPATEN BANDUNG BARAT,TIDAK/BELUM PERNAH SEKOLAH/TIDAK/BELUM TAMAT SD,3729.0,ORANG,2018
838,32,JAWA BARAT,3217,KABUPATEN BANDUNG BARAT,SD,12785.0,ORANG,2018
839,32,JAWA BARAT,3217,KABUPATEN BANDUNG BARAT,SMP,12036.0,ORANG,2018
840,32,JAWA BARAT,3217,KABUPATEN BANDUNG BARAT,SMA,30211.0,ORANG,2018
841,32,JAWA BARAT,3217,KABUPATEN BANDUNG BARAT,DIPLOMA I/II/III/AKADEMI/UNIVERSITAS,4774.0,ORANG,2018
842,32,JAWA BARAT,3218,KABUPATEN PANGANDARAN,TIDAK/BELUM PERNAH SEKOLAH/TIDAK/BELUM TAMAT SD,0.0,ORANG,2018
843,32,JAWA BARAT,3218,KABUPATEN PANGANDARAN,SD,867.0,ORANG,2018
844,32,JAWA BARAT,3218,KABUPATEN PANGANDARAN,SMP,2341.0,ORANG,2018
845,32,JAWA BARAT,3218,KABUPATEN PANGANDARAN,SMA,4177.0,ORANG,2018
846,32,JAWA BARAT,3218,KABUPATEN PANGANDARAN,DIPLOMA I/II/III/AKADEMI/UNIVERSITAS,1208.0,ORANG,2018
847,32,JAWA BARAT,3271,KOTA BOGOR,TIDAK/BELUM PERNAH SEKOLAH/TIDAK/BELUM TAMAT SD,1213.0,ORANG,2018
848,32,JAWA BARAT,3271,KOTA BOGOR,SD,9835.0,ORANG,2018
849,32,JAWA BARAT,3271,KOTA BOGOR,SMP,3844.0,ORANG,2018
850,32,JAWA BARAT,3271,KOTA BOGOR,SMA,31208.0,ORANG,2018
851,32,JAWA BARAT,3271,KOTA BOGOR,DIPLOMA I/II/III/AKADEMI/UNIVERSITAS,4295.0,ORANG,2018
852,32,JAWA BARAT,3272,KOTA SUKABUMI,TIDAK/BELUM PERNAH SEKOLAH/TIDAK/BELUM TAMAT SD,460.0,ORANG,2018
853,32,JAWA BARAT,3272,KOTA SUKABUMI,SD,378.0,ORANG,2018
854,32,JAWA BARAT,3272,KOTA SUKABUMI,SMP,1914.0,ORANG,2018
855,32,JAWA BARAT,3272,KOTA SUKABUMI,SMA,7696.0,ORANG,2018
856,32,JAWA BARAT,3272,KOTA SUKABUMI,DIPLOMA I/II/III/AKADEMI/UNIVERSITAS,1862.0,ORANG,2018
857,32,JAWA BARAT,3273,KOTA BANDUNG,TIDAK/BELUM PERNAH SEKOLAH/TIDAK/BELUM TAMAT SD,2148.0,ORANG,2018
858,32,JAWA BARAT,3273,KOTA BANDUNG,SD,11776.0,ORANG,2018
859,32,JAWA BARAT,3273,KOTA BANDUNG,SMP,13093.0,ORANG,2018
860,32,JAWA BARAT,3273,KOTA BANDUNG,SMA,45118.0,ORANG,2018
861,32,JAWA BARAT,3273,KOTA BANDUNG,DIPLOMA I/II/III/AKADEMI/UNIVERSITAS,24330.0,ORANG,2018
862,32,JAWA BARAT,3274,KOTA CIREBON,TIDAK/BELUM PERNAH SEKOLAH/TIDAK/BELUM TAMAT SD,658.0,ORANG,2018
863,32,JAWA BARAT,3274,KOTA CIREBON,SD,1838.0,ORANG,2018
864,32,JAWA BARAT,3274,KOTA CIREBON,SMP,2505.0,ORANG,2018
865,32,JAWA BARAT,3274,KOTA CIREBON,SMA,7777.0,ORANG,2018
866,32,JAWA BARAT,3274,KOTA CIREBON,DIPLOMA I/II/III/AKADEMI/UNIVERSITAS,1964.0,ORANG,2018
867,32,JAWA BARAT,3275,KOTA BEKASI,TIDAK/BELUM PERNAH SEKOLAH/TIDAK/BELUM TAMAT SD,3896.0,ORANG,2018
868,32,JAWA BARAT,3275,KOTA BEKASI,SD,8945.0,ORANG,2018
869,32,JAWA BARAT,3275,KOTA BEKASI,SMP,11458.0,ORANG,2018
870,32,JAWA BARAT,3275,KOTA BEKASI,SMA,67922.0,ORANG,2018
871,32,JAWA BARAT,3275,KOTA BEKASI,DIPLOMA I/II/III/AKADEMI/UNIVERSITAS,40057.0,ORANG,2018
872,32,JAWA BARAT,3276,KOTA DEPOK,TIDAK/BELUM PERNAH SEKOLAH/TIDAK/BELUM TAMAT SD,0.0,ORANG,2018
873,32,JAWA BARAT,3276,KOTA DEPOK,SD,4171.0,ORANG,2018
874,32,JAWA BARAT,3276,KOTA DEPOK,SMP,5863.0,ORANG,2018
875,32,JAWA BARAT,3276,KOTA DEPOK,SMA,48057.0,ORANG,2018
876,32,JAWA BARAT,3276,KOTA DEPOK,DIPLOMA I/II/III/AKADEMI/UNIVERSITAS,14989.0,ORANG,2018
877,32,JAWA BARAT,3277,KOTA CIMAHI,TIDAK/BELUM PERNAH SEKOLAH/TIDAK/BELUM TAMAT SD,268.0,ORANG,2018
878,32,JAWA BARAT,3277,KOTA CIMAHI,SD,3141.0,ORANG,2018
879,32,JAWA BARAT,3277,KOTA CIMAHI,SMP,5923.0,ORANG,2018
880,32,JAWA BARAT,3277,KOTA CIMAHI,SMA,9974.0,ORANG,2018
881,32,JAWA BARAT,3277,KOTA CIMAHI,DIPLOMA I/II/III/AKADEMI/UNIVERSITAS,4278.0,ORANG,2018
882,32,JAWA BARAT,3278,KOTA TASIKMALAYA,TIDAK/BELUM PERNAH SEKOLAH/TIDAK/BELUM TAMAT SD,0.0,ORANG,2018
883,32,JAWA BARAT,3278,KOTA TASIKMALAYA,SD,3782.0,ORANG,2018
884,32,JAWA BARAT,3278,KOTA TASIKMALAYA,SMP,3604.0,ORANG,2018
885,32,JAWA BARAT,3278,KOTA TASIKMALAYA,SMA,6983.0,ORANG,2018
886,32,JAWA BARAT,3278,KOTA TASIKMALAYA,DIPLOMA I/II/III/AKADEMI/UNIVERSITAS,6741.0,ORANG,2018
887,32,JAWA BARAT,3279,KOTA BANJAR,TIDAK/BELUM PERNAH SEKOLAH/TIDAK/BELUM TAMAT SD,77.0,ORANG,2018
888,32,JAWA BARAT,3279,KOTA BANJAR,SD,913.0,ORANG,2018
889,32,JAWA BARAT,3279,KOTA BANJAR,SMP,1423.0,ORANG,2018
890,32,JAWA BARAT,3279,KOTA BANJAR,SMA,2633.0,ORANG,2018
891,32,JAWA BARAT,3279,KOTA BANJAR,DIPLOMA I/II/III/AKADEMI/UNIVERSITAS,280.0,ORANG,2018
892,32,JAWA BARAT,3201,KABUPATEN BOGOR,SD KE BAWAH,64836.0,ORANG,2019
893,32,JAWA BARAT,3201,KABUPATEN BOGOR,SMP,36554.0,ORANG,2019
894,32,JAWA BARAT,3201,KABUPATEN BOGOR,SMA,129723.0,ORANG,2019
895,32,JAWA BARAT,3201,KABUPATEN BOGOR,DIPLOMA I/II/III/AKADEMI/UNIVERSITAS,21901.0,ORANG,2019
896,32,JAWA BARAT,3202,KABUPATEN SUKABUMI,SD KE BAWAH,22553.0,ORANG,2019
897,32,JAWA BARAT,3202,KABUPATEN SUKABUMI,SMP,28018.0,ORANG,2019
898,32,JAWA BARAT,3202,KABUPATEN SUKABUMI,SMA,34285.0,ORANG,2019
899,32,JAWA BARAT,3202,KABUPATEN SUKABUMI,DIPLOMA I/II/III/AKADEMI/UNIVERSITAS,4642.0,ORANG,2019
900,32,JAWA BARAT,3203,KABUPATEN CIANJUR,SD KE BAWAH,38565.0,ORANG,2019
901,32,JAWA BARAT,3203,KABUPATEN CIANJUR,SMP,24340.0,ORANG,2019
902,32,JAWA BARAT,3203,KABUPATEN CIANJUR,SMA,39141.0,ORANG,2019
903,32,JAWA BARAT,3203,KABUPATEN CIANJUR,DIPLOMA I/II/III/AKADEMI/UNIVERSITAS,3079.0,ORANG,2019
904,32,JAWA BARAT,3204,KABUPATEN BANDUNG,SD KE BAWAH,16057.0,ORANG,2019
905,32,JAWA BARAT,3204,KABUPATEN BANDUNG,SMP,18838.0,ORANG,2019
906,32,JAWA BARAT,3204,KABUPATEN BANDUNG,SMA,48722.0,ORANG,2019
907,32,JAWA BARAT,3204,KABUPATEN BANDUNG,DIPLOMA I/II/III/AKADEMI/UNIVERSITAS,14339.0,ORANG,2019
908,32,JAWA BARAT,3205,KABUPATEN GARUT,SD KE BAWAH,22289.0,ORANG,2019
909,32,JAWA BARAT,3205,KABUPATEN GARUT,SMP,25311.0,ORANG,2019
910,32,JAWA BARAT,3205,KABUPATEN GARUT,SMA,32272.0,ORANG,2019
911,32,JAWA BARAT,3205,KABUPATEN GARUT,DIPLOMA I/II/III/AKADEMI/UNIVERSITAS,4173.0,ORANG,2019
912,32,JAWA BARAT,3206,KABUPATEN TASIKMALAYA,SD KE BAWAH,17450.0,ORANG,2019
913,32,JAWA BARAT,3206,KABUPATEN TASIKMALAYA,SMP,15577.0,ORANG,2019
914,32,JAWA BARAT,3206,KABUPATEN TASIKMALAYA,SMA,20079.0,ORANG,2019
915,32,JAWA BARAT,3206,KABUPATEN TASIKMALAYA,DIPLOMA I/II/III/AKADEMI/UNIVERSITAS,1086.0,ORANG,2019
916,32,JAWA BARAT,3207,KABUPATEN CIAMIS,SD KE BAWAH,2885.0,ORANG,2019
917,32,JAWA BARAT,3207,KABUPATEN CIAMIS,SMP,8275.0,ORANG,2019
918,32,JAWA BARAT,3207,KABUPATEN CIAMIS,SMA,17882.0,ORANG,2019
919,32,JAWA BARAT,3207,KABUPATEN CIAMIS,DIPLOMA I/II/III/AKADEMI/UNIVERSITAS,2816.0,ORANG,2019
920,32,JAWA BARAT,3208,KABUPATEN KUNINGAN,SD KE BAWAH,14200.0,ORANG,2019
921,32,JAWA BARAT,3208,KABUPATEN KUNINGAN,SMP,10147.0,ORANG,2019
922,32,JAWA BARAT,3208,KABUPATEN KUNINGAN,SMA,21716.0,ORANG,2019
923,32,JAWA BARAT,3208,KABUPATEN KUNINGAN,DIPLOMA I/II/III/AKADEMI/UNIVERSITAS,2207.0,ORANG,2019
924,32,JAWA BARAT,3209,KABUPATEN CIREBON,SD KE BAWAH,26860.0,ORANG,2019
925,32,JAWA BARAT,3209,KABUPATEN CIREBON,SMP,17007.0,ORANG,2019
926,32,JAWA BARAT,3209,KABUPATEN CIREBON,SMA,60602.0,ORANG,2019
927,32,JAWA BARAT,3209,KABUPATEN CIREBON,DIPLOMA I/II/III/AKADEMI/UNIVERSITAS,4953.0,ORANG,2019
928,32,JAWA BARAT,3210,KABUPATEN MAJALENGKA,SD KE BAWAH,7421.0,ORANG,2019
929,32,JAWA BARAT,3210,KABUPATEN MAJALENGKA,SMP,4999.0,ORANG,2019
930,32,JAWA BARAT,3210,KABUPATEN MAJALENGKA,SMA,14411.0,ORANG,2019
931,32,JAWA BARAT,3210,KABUPATEN MAJALENGKA,DIPLOMA I/II/III/AKADEMI/UNIVERSITAS,593.0,ORANG,2019
932,32,JAWA BARAT,3211,KABUPATEN SUMEDANG,SD KE BAWAH,5275.0,ORANG,2019
933,32,JAWA BARAT,3211,KABUPATEN SUMEDANG,SMP,8867.0,ORANG,2019
934,32,JAWA BARAT,3211,KABUPATEN SUMEDANG,SMA,23549.0,ORANG,2019
935,32,JAWA BARAT,3211,KABUPATEN SUMEDANG,DIPLOMA I/II/III/AKADEMI/UNIVERSITAS,5756.0,ORANG,2019
936,32,JAWA BARAT,3212,KABUPATEN INDRAMAYU,SD KE BAWAH,20460.0,ORANG,2019
937,32,JAWA BARAT,3212,KABUPATEN INDRAMAYU,SMP,14657.0,ORANG,2019
938,32,JAWA BARAT,3212,KABUPATEN INDRAMAYU,SMA,34751.0,ORANG,2019
939,32,JAWA BARAT,3212,KABUPATEN INDRAMAYU,DIPLOMA I/II/III/AKADEMI/UNIVERSITAS,4043.0,ORANG,2019
940,32,JAWA BARAT,3213,KABUPATEN SUBANG,SD KE BAWAH,11151.0,ORANG,2019
941,32,JAWA BARAT,3213,KABUPATEN SUBANG,SMP,17324.0,ORANG,2019
942,32,JAWA BARAT,3213,KABUPATEN SUBANG,SMA,39591.0,ORANG,2019
943,32,JAWA BARAT,3213,KABUPATEN SUBANG,DIPLOMA I/II/III/AKADEMI/UNIVERSITAS,3552.0,ORANG,2019
944,32,JAWA BARAT,3214,KABUPATEN PURWAKARTA,SD KE BAWAH,9725.0,ORANG,2019
945,32,JAWA BARAT,3214,KABUPATEN PURWAKARTA,SMP,8594.0,ORANG,2019
946,32,JAWA BARAT,3214,KABUPATEN PURWAKARTA,SMA,23156.0,ORANG,2019
947,32,JAWA BARAT,3214,KABUPATEN PURWAKARTA,DIPLOMA I/II/III/AKADEMI/UNIVERSITAS,1949.0,ORANG,2019
948,32,JAWA BARAT,3215,KABUPATEN KARAWANG,SD KE BAWAH,14295.0,ORANG,2019
949,32,JAWA BARAT,3215,KABUPATEN KARAWANG,SMP,8810.0,ORANG,2019
950,32,JAWA BARAT,3215,KABUPATEN KARAWANG,SMA,77839.0,ORANG,2019
951,32,JAWA BARAT,3215,KABUPATEN KARAWANG,DIPLOMA I/II/III/AKADEMI/UNIVERSITAS,6779.0,ORANG,2019
952,32,JAWA BARAT,3216,KABUPATEN BEKASI,SD KE BAWAH,20572.0,ORANG,2019
953,32,JAWA BARAT,3216,KABUPATEN BEKASI,SMP,21342.0,ORANG,2019
954,32,JAWA BARAT,3216,KABUPATEN BEKASI,SMA,92748.0,ORANG,2019
955,32,JAWA BARAT,3216,KABUPATEN BEKASI,DIPLOMA I/II/III/AKADEMI/UNIVERSITAS,24296.0,ORANG,2019
956,32,JAWA BARAT,3217,KABUPATEN BANDUNG BARAT,SD KE BAWAH,20009.0,ORANG,2019
957,32,JAWA BARAT,3217,KABUPATEN BANDUNG BARAT,SMP,15186.0,ORANG,2019
958,32,JAWA BARAT,3217,KABUPATEN BANDUNG BARAT,SMA,25057.0,ORANG,2019
959,32,JAWA BARAT,3217,KABUPATEN BANDUNG BARAT,DIPLOMA I/II/III/AKADEMI/UNIVERSITAS,2443.0,ORANG,2019
960,32,JAWA BARAT,3218,KABUPATEN PANGANDARAN,SD KE BAWAH,2325.0,ORANG,2019
961,32,JAWA BARAT,3218,KABUPATEN PANGANDARAN,SMP,2300.0,ORANG,2019
962,32,JAWA BARAT,3218,KABUPATEN PANGANDARAN,SMA,5317.0,ORANG,2019
963,32,JAWA BARAT,3218,KABUPATEN PANGANDARAN,DIPLOMA I/II/III/AKADEMI/UNIVERSITAS,544.0,ORANG,2019
964,32,JAWA BARAT,3271,KOTA BOGOR,SD KE BAWAH,10602.0,ORANG,2019
965,32,JAWA BARAT,3271,KOTA BOGOR,SMP,10496.0,ORANG,2019
966,32,JAWA BARAT,3271,KOTA BOGOR,SMA,21680.0,ORANG,2019
967,32,JAWA BARAT,3271,KOTA BOGOR,DIPLOMA I/II/III/AKADEMI/UNIVERSITAS,5953.0,ORANG,2019
968,32,JAWA BARAT,3272,KOTA SUKABUMI,SD KE BAWAH,2273.0,ORANG,2019
969,32,JAWA BARAT,3272,KOTA SUKABUMI,SMP,2570.0,ORANG,2019
970,32,JAWA BARAT,3272,KOTA SUKABUMI,SMA,7538.0,ORANG,2019
971,32,JAWA BARAT,3272,KOTA SUKABUMI,DIPLOMA I/II/III/AKADEMI/UNIVERSITAS,597.0,ORANG,2019
972,32,JAWA BARAT,3273,KOTA BANDUNG,SD KE BAWAH,14066.0,ORANG,2019
973,32,JAWA BARAT,3273,KOTA BANDUNG,SMP,16147.0,ORANG,2019
974,32,JAWA BARAT,3273,KOTA BANDUNG,SMA,51743.0,ORANG,2019
975,32,JAWA BARAT,3273,KOTA BANDUNG,DIPLOMA I/II/III/AKADEMI/UNIVERSITAS,23111.0,ORANG,2019
976,32,JAWA BARAT,3274,KOTA CIREBON,SD KE BAWAH,2619.0,ORANG,2019
977,32,JAWA BARAT,3274,KOTA CIREBON,SMP,2551.0,ORANG,2019
978,32,JAWA BARAT,3274,KOTA CIREBON,SMA,6421.0,ORANG,2019
979,32,JAWA BARAT,3274,KOTA CIREBON,DIPLOMA I/II/III/AKADEMI/UNIVERSITAS,2088.0,ORANG,2019
980,32,JAWA BARAT,3275,KOTA BEKASI,SD KE BAWAH,9086.0,ORANG,2019
981,32,JAWA BARAT,3275,KOTA BEKASI,SMP,16781.0,ORANG,2019
982,32,JAWA BARAT,3275,KOTA BEKASI,SMA,66847.0,ORANG,2019
983,32,JAWA BARAT,3275,KOTA BEKASI,DIPLOMA I/II/III/AKADEMI/UNIVERSITAS,31400.0,ORANG,2019
984,32,JAWA BARAT,3276,KOTA DEPOK,SD KE BAWAH,8986.0,ORANG,2019
985,32,JAWA BARAT,3276,KOTA DEPOK,SMP,12796.0,ORANG,2019
986,32,JAWA BARAT,3276,KOTA DEPOK,SMA,40719.0,ORANG,2019
987,32,JAWA BARAT,3276,KOTA DEPOK,DIPLOMA I/II/III/AKADEMI/UNIVERSITAS,9824.0,ORANG,2019
988,32,JAWA BARAT,3277,KOTA CIMAHI,SD KE BAWAH,2362.0,ORANG,2019
989,32,JAWA BARAT,3277,KOTA CIMAHI,SMP,3156.0,ORANG,2019
990,32,JAWA BARAT,3277,KOTA CIMAHI,SMA,14269.0,ORANG,2019
991,32,JAWA BARAT,3277,KOTA CIMAHI,DIPLOMA I/II/III/AKADEMI/UNIVERSITAS,4173.0,ORANG,2019
992,32,JAWA BARAT,3278,KOTA TASIKMALAYA,SD KE BAWAH,4462.0,ORANG,2019
993,32,JAWA BARAT,3278,KOTA TASIKMALAYA,SMP,3465.0,ORANG,2019
994,32,JAWA BARAT,3278,KOTA TASIKMALAYA,SMA,12221.0,ORANG,2019
995,32,JAWA BARAT,3278,KOTA TASIKMALAYA,DIPLOMA I/II/III/AKADEMI/UNIVERSITAS,1658.0,ORANG,2019
996,32,JAWA BARAT,3279,KOTA BANJAR,SD KE BAWAH,1104.0,ORANG,2019
997,32,JAWA BARAT,3279,KOTA BANJAR,SMP,754.0,ORANG,2019
998,32,JAWA BARAT,3279,KOTA BANJAR,SMA,3696.0,ORANG,2019
999,32,JAWA BARAT,3279,KOTA BANJAR,DIPLOMA I/II/III/AKADEMI/UNIVERSITAS,218.0,ORANG,2019
1000,32,JAWA BARAT,3201,KABUPATEN BOGOR,TIDAK/BELUM PERNAH SEKOLAH/TIDAK/BELUM TAMAT SD,14788.0,ORANG,2020
1001,32,JAWA BARAT,3201,KABUPATEN BOGOR,SD,67522.0,ORANG,2020
1002,32,JAWA BARAT,3201,KABUPATEN BOGOR,SMP,72817.0,ORANG,2020
1003,32,JAWA BARAT,3201,KABUPATEN BOGOR,SMA (UMUM),75799.0,ORANG,2020
1004,32,JAWA BARAT,3201,KABUPATEN BOGOR,SMA (KEJURUAN),119828.0,ORANG,2020
1005,32,JAWA BARAT,3201,KABUPATEN BOGOR,DIPLOMA I/II/III/AKADEMI/UNIVERSITAS,39977.0,ORANG,2020
1006,32,JAWA BARAT,3202,KABUPATEN SUKABUMI,TIDAK/BELUM PERNAH SEKOLAH/TIDAK/BELUM TAMAT SD,2697.0,ORANG,2020
1007,32,JAWA BARAT,3202,KABUPATEN SUKABUMI,SD,27546.0,ORANG,2020
1008,32,JAWA BARAT,3202,KABUPATEN SUKABUMI,SMP,30293.0,ORANG,2020
1009,32,JAWA BARAT,3202,KABUPATEN SUKABUMI,SMA (UMUM),29303.0,ORANG,2020
1010,32,JAWA BARAT,3202,KABUPATEN SUKABUMI,SMA (KEJURUAN),14473.0,ORANG,2020
1011,32,JAWA BARAT,3202,KABUPATEN SUKABUMI,DIPLOMA I/II/III/AKADEMI/UNIVERSITAS,5786.0,ORANG,2020
1012,32,JAWA BARAT,3203,KABUPATEN CIANJUR,TIDAK/BELUM PERNAH SEKOLAH/TIDAK/BELUM TAMAT SD,4934.0,ORANG,2020
1013,32,JAWA BARAT,3203,KABUPATEN CIANJUR,SD,42686.0,ORANG,2020
1014,32,JAWA BARAT,3203,KABUPATEN CIANJUR,SMP,30918.0,ORANG,2020
1015,32,JAWA BARAT,3203,KABUPATEN CIANJUR,SMA (UMUM),24505.0,ORANG,2020
1016,32,JAWA BARAT,3203,KABUPATEN CIANJUR,SMA (KEJURUAN),24631.0,ORANG,2020
1017,32,JAWA BARAT,3203,KABUPATEN CIANJUR,DIPLOMA I/II/III/AKADEMI/UNIVERSITAS,3342.0,ORANG,2020
1018,32,JAWA BARAT,3204,KABUPATEN BANDUNG,TIDAK/BELUM PERNAH SEKOLAH/TIDAK/BELUM TAMAT SD,0.0,ORANG,2020
1019,32,JAWA BARAT,3204,KABUPATEN BANDUNG,SD,20621.0,ORANG,2020
1020,32,JAWA BARAT,3204,KABUPATEN BANDUNG,SMP,39856.0,ORANG,2020
1021,32,JAWA BARAT,3204,KABUPATEN BANDUNG,SMA (UMUM),42656.0,ORANG,2020
1022,32,JAWA BARAT,3204,KABUPATEN BANDUNG,SMA (KEJURUAN),28089.0,ORANG,2020
1023,32,JAWA BARAT,3204,KABUPATEN BANDUNG,DIPLOMA I/II/III/AKADEMI/UNIVERSITAS,16180.0,ORANG,2020
1024,32,JAWA BARAT,3205,KABUPATEN GARUT,TIDAK/BELUM PERNAH SEKOLAH/TIDAK/BELUM TAMAT SD,2583.0,ORANG,2020
1025,32,JAWA BARAT,3205,KABUPATEN GARUT,SD,27867.0,ORANG,2020
1026,32,JAWA BARAT,3205,KABUPATEN GARUT,SMP,26971.0,ORANG,2020
1027,32,JAWA BARAT,3205,KABUPATEN GARUT,SMA (UMUM),33567.0,ORANG,2020
1028,32,JAWA BARAT,3205,KABUPATEN GARUT,SMA (KEJURUAN),10192.0,ORANG,2020
1029,32,JAWA BARAT,3205,KABUPATEN GARUT,DIPLOMA I/II/III/AKADEMI/UNIVERSITAS,2427.0,ORANG,2020
1030,32,JAWA BARAT,3206,KABUPATEN TASIKMALAYA,TIDAK/BELUM PERNAH SEKOLAH/TIDAK/BELUM TAMAT SD,0.0,ORANG,2020
1031,32,JAWA BARAT,3206,KABUPATEN TASIKMALAYA,SD,21857.0,ORANG,2020
1032,32,JAWA BARAT,3206,KABUPATEN TASIKMALAYA,SMP,13148.0,ORANG,2020
1033,32,JAWA BARAT,3206,KABUPATEN TASIKMALAYA,SMA (UMUM),13434.0,ORANG,2020
1034,32,JAWA BARAT,3206,KABUPATEN TASIKMALAYA,SMA (KEJURUAN),14370.0,ORANG,2020
1035,32,JAWA BARAT,3206,KABUPATEN TASIKMALAYA,DIPLOMA I/II/III/AKADEMI/UNIVERSITAS,4481.0,ORANG,2020
1036,32,JAWA BARAT,3207,KABUPATEN CIAMIS,TIDAK/BELUM PERNAH SEKOLAH/TIDAK/BELUM TAMAT SD,1011.0,ORANG,2020
1037,32,JAWA BARAT,3207,KABUPATEN CIAMIS,SD,12144.0,ORANG,2020
1038,32,JAWA BARAT,3207,KABUPATEN CIAMIS,SMP,7237.0,ORANG,2020
1039,32,JAWA BARAT,3207,KABUPATEN CIAMIS,SMA (UMUM),5661.0,ORANG,2020
1040,32,JAWA BARAT,3207,KABUPATEN CIAMIS,SMA (KEJURUAN),10258.0,ORANG,2020
1041,32,JAWA BARAT,3207,KABUPATEN CIAMIS,DIPLOMA I/II/III/AKADEMI/UNIVERSITAS,2114.0,ORANG,2020
1042,32,JAWA BARAT,3208,KABUPATEN KUNINGAN,TIDAK/BELUM PERNAH SEKOLAH/TIDAK/BELUM TAMAT SD,1669.0,ORANG,2020
1043,32,JAWA BARAT,3208,KABUPATEN KUNINGAN,SD,19666.0,ORANG,2020
1044,32,JAWA BARAT,3208,KABUPATEN KUNINGAN,SMP,11372.0,ORANG,2020
1045,32,JAWA BARAT,3208,KABUPATEN KUNINGAN,SMA (UMUM),9690.0,ORANG,2020
1046,32,JAWA BARAT,3208,KABUPATEN KUNINGAN,SMA (KEJURUAN),12077.0,ORANG,2020
1047,32,JAWA BARAT,3208,KABUPATEN KUNINGAN,DIPLOMA I/II/III/AKADEMI/UNIVERSITAS,4039.0,ORANG,2020
1048,32,JAWA BARAT,3209,KABUPATEN CIREBON,TIDAK/BELUM PERNAH SEKOLAH/TIDAK/BELUM TAMAT SD,9324.0,ORANG,2020
1049,32,JAWA BARAT,3209,KABUPATEN CIREBON,SD,20555.0,ORANG,2020
1050,32,JAWA BARAT,3209,KABUPATEN CIREBON,SMP,22801.0,ORANG,2020
1051,32,JAWA BARAT,3209,KABUPATEN CIREBON,SMA (UMUM),27117.0,ORANG,2020
1052,32,JAWA BARAT,3209,KABUPATEN CIREBON,SMA (KEJURUAN),40591.0,ORANG,2020
1053,32,JAWA BARAT,3209,KABUPATEN CIREBON,DIPLOMA I/II/III/AKADEMI/UNIVERSITAS,1757.0,ORANG,2020
1054,32,JAWA BARAT,3210,KABUPATEN MAJALENGKA,TIDAK/BELUM PERNAH SEKOLAH/TIDAK/BELUM TAMAT SD,1388.0,ORANG,2020
1055,32,JAWA BARAT,3210,KABUPATEN MAJALENGKA,SD,7250.0,ORANG,2020
1056,32,JAWA BARAT,3210,KABUPATEN MAJALENGKA,SMP,7763.0,ORANG,2020
1057,32,JAWA BARAT,3210,KABUPATEN MAJALENGKA,SMA (UMUM),8604.0,ORANG,2020
1058,32,JAWA BARAT,3210,KABUPATEN MAJALENGKA,SMA (KEJURUAN),10327.0,ORANG,2020
1059,32,JAWA BARAT,3210,KABUPATEN MAJALENGKA,DIPLOMA I/II/III/AKADEMI/UNIVERSITAS,3466.0,ORANG,2020
1060,32,JAWA BARAT,3211,KABUPATEN SUMEDANG,TIDAK/BELUM PERNAH SEKOLAH/TIDAK/BELUM TAMAT SD,0.0,ORANG,2020
1061,32,JAWA BARAT,3211,KABUPATEN SUMEDANG,SD,11645.0,ORANG,2020
1062,32,JAWA BARAT,3211,KABUPATEN SUMEDANG,SMP,9550.0,ORANG,2020
1063,32,JAWA BARAT,3211,KABUPATEN SUMEDANG,SMA (UMUM),14705.0,ORANG,2020
1064,32,JAWA BARAT,3211,KABUPATEN SUMEDANG,SMA (KEJURUAN),20994.0,ORANG,2020
1065,32,JAWA BARAT,3211,KABUPATEN SUMEDANG,DIPLOMA I/II/III/AKADEMI/UNIVERSITAS,6168.0,ORANG,2020
1066,32,JAWA BARAT,3212,KABUPATEN INDRAMAYU,TIDAK/BELUM PERNAH SEKOLAH/TIDAK/BELUM TAMAT SD,9098.0,ORANG,2020
1067,32,JAWA BARAT,3212,KABUPATEN INDRAMAYU,SD,18887.0,ORANG,2020
1068,32,JAWA BARAT,3212,KABUPATEN INDRAMAYU,SMP,16622.0,ORANG,2020
1069,32,JAWA BARAT,3212,KABUPATEN INDRAMAYU,SMA (UMUM),16060.0,ORANG,2020
1070,32,JAWA BARAT,3212,KABUPATEN INDRAMAYU,SMA (KEJURUAN),22182.0,ORANG,2020
1071,32,JAWA BARAT,3212,KABUPATEN INDRAMAYU,DIPLOMA I/II/III/AKADEMI/UNIVERSITAS,3812.0,ORANG,2020
1072,32,JAWA BARAT,3213,KABUPATEN SUBANG,TIDAK/BELUM PERNAH SEKOLAH/TIDAK/BELUM TAMAT SD,2500.0,ORANG,2020
1073,32,JAWA BARAT,3213,KABUPATEN SUBANG,SD,10702.0,ORANG,2020
1074,32,JAWA BARAT,3213,KABUPATEN SUBANG,SMP,22923.0,ORANG,2020
1075,32,JAWA BARAT,3213,KABUPATEN SUBANG,SMA (UMUM),16337.0,ORANG,2020
1076,32,JAWA BARAT,3213,KABUPATEN SUBANG,SMA (KEJURUAN),19721.0,ORANG,2020
1077,32,JAWA BARAT,3213,KABUPATEN SUBANG,DIPLOMA I/II/III/AKADEMI/UNIVERSITAS,6000.0,ORANG,2020
1078,32,JAWA BARAT,3214,KABUPATEN PURWAKARTA,TIDAK/BELUM PERNAH SEKOLAH/TIDAK/BELUM TAMAT SD,2963.0,ORANG,2020
1079,32,JAWA BARAT,3214,KABUPATEN PURWAKARTA,SD,9848.0,ORANG,2020
1080,32,JAWA BARAT,3214,KABUPATEN PURWAKARTA,SMP,7623.0,ORANG,2020
1081,32,JAWA BARAT,3214,KABUPATEN PURWAKARTA,SMA (UMUM),8652.0,ORANG,2020
1082,32,JAWA BARAT,3214,KABUPATEN PURWAKARTA,SMA (KEJURUAN),14493.0,ORANG,2020
1083,32,JAWA BARAT,3214,KABUPATEN PURWAKARTA,DIPLOMA I/II/III/AKADEMI/UNIVERSITAS,4306.0,ORANG,2020
1084,32,JAWA BARAT,3215,KABUPATEN KARAWANG,TIDAK/BELUM PERNAH SEKOLAH/TIDAK/BELUM TAMAT SD,8479.0,ORANG,2020
1085,32,JAWA BARAT,3215,KABUPATEN KARAWANG,SD,16077.0,ORANG,2020
1086,32,JAWA BARAT,3215,KABUPATEN KARAWANG,SMP,27905.0,ORANG,2020
1087,32,JAWA BARAT,3215,KABUPATEN KARAWANG,SMA (UMUM),30187.0,ORANG,2020
1088,32,JAWA BARAT,3215,KABUPATEN KARAWANG,SMA (KEJURUAN),43900.0,ORANG,2020
1089,32,JAWA BARAT,3215,KABUPATEN KARAWANG,DIPLOMA I/II/III/AKADEMI/UNIVERSITAS,7350.0,ORANG,2020
1090,32,JAWA BARAT,3216,KABUPATEN BEKASI,TIDAK/BELUM PERNAH SEKOLAH/TIDAK/BELUM TAMAT SD,2631.0,ORANG,2020
1091,32,JAWA BARAT,3216,KABUPATEN BEKASI,SD,19565.0,ORANG,2020
1092,32,JAWA BARAT,3216,KABUPATEN BEKASI,SMP,21685.0,ORANG,2020
1093,32,JAWA BARAT,3216,KABUPATEN BEKASI,SMA (UMUM),52765.0,ORANG,2020
1094,32,JAWA BARAT,3216,KABUPATEN BEKASI,SMA (KEJURUAN),78946.0,ORANG,2020
1095,32,JAWA BARAT,3216,KABUPATEN BEKASI,DIPLOMA I/II/III/AKADEMI/UNIVERSITAS,36843.0,ORANG,2020
1096,32,JAWA BARAT,3217,KABUPATEN BANDUNG BARAT,TIDAK/BELUM PERNAH SEKOLAH/TIDAK/BELUM TAMAT SD,4832.0,ORANG,2020
1097,32,JAWA BARAT,3217,KABUPATEN BANDUNG BARAT,SD,22449.0,ORANG,2020
1098,32,JAWA BARAT,3217,KABUPATEN BANDUNG BARAT,SMP,17154.0,ORANG,2020
1099,32,JAWA BARAT,3217,KABUPATEN BANDUNG BARAT,SMA (UMUM),23553.0,ORANG,2020
1100,32,JAWA BARAT,3217,KABUPATEN BANDUNG BARAT,SMA (KEJURUAN),18112.0,ORANG,2020
1101,32,JAWA BARAT,3217,KABUPATEN BANDUNG BARAT,DIPLOMA I/II/III/AKADEMI/UNIVERSITAS,5457.0,ORANG,2020
1102,32,JAWA BARAT,3218,KABUPATEN PANGANDARAN,TIDAK/BELUM PERNAH SEKOLAH/TIDAK/BELUM TAMAT SD,474.0,ORANG,2020
1103,32,JAWA BARAT,3218,KABUPATEN PANGANDARAN,SD,2951.0,ORANG,2020
1104,32,JAWA BARAT,3218,KABUPATEN PANGANDARAN,SMP,3489.0,ORANG,2020
1105,32,JAWA BARAT,3218,KABUPATEN PANGANDARAN,SMA (UMUM),2042.0,ORANG,2020
1106,32,JAWA BARAT,3218,KABUPATEN PANGANDARAN,SMA (KEJURUAN),2836.0,ORANG,2020
1107,32,JAWA BARAT,3218,KABUPATEN PANGANDARAN,DIPLOMA I/II/III/AKADEMI/UNIVERSITAS,684.0,ORANG,2020
1108,32,JAWA BARAT,3271,KOTA BOGOR,TIDAK/BELUM PERNAH SEKOLAH/TIDAK/BELUM TAMAT SD,1915.0,ORANG,2020
1109,32,JAWA BARAT,3271,KOTA BOGOR,SD,10983.0,ORANG,2020
1110,32,JAWA BARAT,3271,KOTA BOGOR,SMP,7370.0,ORANG,2020
1111,32,JAWA BARAT,3271,KOTA BOGOR,SMA (UMUM),16354.0,ORANG,2020
1112,32,JAWA BARAT,3271,KOTA BOGOR,SMA (KEJURUAN),21970.0,ORANG,2020
1113,32,JAWA BARAT,3271,KOTA BOGOR,DIPLOMA I/II/III/AKADEMI/UNIVERSITAS,6611.0,ORANG,2020
1114,32,JAWA BARAT,3272,KOTA SUKABUMI,TIDAK/BELUM PERNAH SEKOLAH/TIDAK/BELUM TAMAT SD,123.0,ORANG,2020
1115,32,JAWA BARAT,3272,KOTA SUKABUMI,SD,2578.0,ORANG,2020
1116,32,JAWA BARAT,3272,KOTA SUKABUMI,SMP,2413.0,ORANG,2020
1117,32,JAWA BARAT,3272,KOTA SUKABUMI,SMA (UMUM),5976.0,ORANG,2020
1118,32,JAWA BARAT,3272,KOTA SUKABUMI,SMA (KEJURUAN),4516.0,ORANG,2020
1119,32,JAWA BARAT,3272,KOTA SUKABUMI,DIPLOMA I/II/III/AKADEMI/UNIVERSITAS,1389.0,ORANG,2020
1120,32,JAWA BARAT,3273,KOTA BANDUNG,TIDAK/BELUM PERNAH SEKOLAH/TIDAK/BELUM TAMAT SD,2662.0,ORANG,2020
1121,32,JAWA BARAT,3273,KOTA BANDUNG,SD,11440.0,ORANG,2020
1122,32,JAWA BARAT,3273,KOTA BANDUNG,SMP,13324.0,ORANG,2020
1123,32,JAWA BARAT,3273,KOTA BANDUNG,SMA (UMUM),54215.0,ORANG,2020
1124,32,JAWA BARAT,3273,KOTA BANDUNG,SMA (KEJURUAN),33242.0,ORANG,2020
1125,32,JAWA BARAT,3273,KOTA BANDUNG,DIPLOMA I/II/III/AKADEMI/UNIVERSITAS,32198.0,ORANG,2020
1126,32,JAWA BARAT,3274,KOTA CIREBON,TIDAK/BELUM PERNAH SEKOLAH/TIDAK/BELUM TAMAT SD,3510.0,ORANG,2020
1127,32,JAWA BARAT,3274,KOTA CIREBON,SD,3074.0,ORANG,2020
1128,32,JAWA BARAT,3274,KOTA CIREBON,SMP,921.0,ORANG,2020
1129,32,JAWA BARAT,3274,KOTA CIREBON,SMA (UMUM),5036.0,ORANG,2020
1130,32,JAWA BARAT,3274,KOTA CIREBON,SMA (KEJURUAN),3161.0,ORANG,2020
1131,32,JAWA BARAT,3274,KOTA CIREBON,DIPLOMA I/II/III/AKADEMI/UNIVERSITAS,1464.0,ORANG,2020
1132,32,JAWA BARAT,3275,KOTA BEKASI,TIDAK/BELUM PERNAH SEKOLAH/TIDAK/BELUM TAMAT SD,2322.0,ORANG,2020
1133,32,JAWA BARAT,3275,KOTA BEKASI,SD,6155.0,ORANG,2020
1134,32,JAWA BARAT,3275,KOTA BEKASI,SMP,26353.0,ORANG,2020
1135,32,JAWA BARAT,3275,KOTA BEKASI,SMA (UMUM),32936.0,ORANG,2020
1136,32,JAWA BARAT,3275,KOTA BEKASI,SMA (KEJURUAN),42396.0,ORANG,2020
1137,32,JAWA BARAT,3275,KOTA BEKASI,DIPLOMA I/II/III/AKADEMI/UNIVERSITAS,51149.0,ORANG,2020
1138,32,JAWA BARAT,3276,KOTA DEPOK,TIDAK/BELUM PERNAH SEKOLAH/TIDAK/BELUM TAMAT SD,5482.0,ORANG,2020
1139,32,JAWA BARAT,3276,KOTA DEPOK,SD,8831.0,ORANG,2020
1140,32,JAWA BARAT,3276,KOTA DEPOK,SMP,11176.0,ORANG,2020
1141,32,JAWA BARAT,3276,KOTA DEPOK,SMA (UMUM),21713.0,ORANG,2020
1142,32,JAWA BARAT,3276,KOTA DEPOK,SMA (KEJURUAN),42304.0,ORANG,2020
1143,32,JAWA BARAT,3276,KOTA DEPOK,DIPLOMA I/II/III/AKADEMI/UNIVERSITAS,28526.0,ORANG,2020
1144,32,JAWA BARAT,3277,KOTA CIMAHI,TIDAK/BELUM PERNAH SEKOLAH/TIDAK/BELUM TAMAT SD,322.0,ORANG,2020
1145,32,JAWA BARAT,3277,KOTA CIMAHI,SD,1588.0,ORANG,2020
1146,32,JAWA BARAT,3277,KOTA CIMAHI,SMP,7978.0,ORANG,2020
1147,32,JAWA BARAT,3277,KOTA CIMAHI,SMA (UMUM),10279.0,ORANG,2020
1148,32,JAWA BARAT,3277,KOTA CIMAHI,SMA (KEJURUAN),11567.0,ORANG,2020
1149,32,JAWA BARAT,3277,KOTA CIMAHI,DIPLOMA I/II/III/AKADEMI/UNIVERSITAS,7321.0,ORANG,2020
1150,32,JAWA BARAT,3278,KOTA TASIKMALAYA,TIDAK/BELUM PERNAH SEKOLAH/TIDAK/BELUM TAMAT SD,864.0,ORANG,2020
1151,32,JAWA BARAT,3278,KOTA TASIKMALAYA,SD,8737.0,ORANG,2020
1152,32,JAWA BARAT,3278,KOTA TASIKMALAYA,SMP,2542.0,ORANG,2020
1153,32,JAWA BARAT,3278,KOTA TASIKMALAYA,SMA (UMUM),4855.0,ORANG,2020
1154,32,JAWA BARAT,3278,KOTA TASIKMALAYA,SMA (KEJURUAN),7983.0,ORANG,2020
1155,32,JAWA BARAT,3278,KOTA TASIKMALAYA,DIPLOMA I/II/III/AKADEMI/UNIVERSITAS,2460.0,ORANG,2020
1156,32,JAWA BARAT,3279,KOTA BANJAR,TIDAK/BELUM PERNAH SEKOLAH/TIDAK/BELUM TAMAT SD,129.0,ORANG,2020
1157,32,JAWA BARAT,3279,KOTA BANJAR,SD,1056.0,ORANG,2020
1158,32,JAWA BARAT,3279,KOTA BANJAR,SMP,1040.0,ORANG,2020
1159,32,JAWA BARAT,3279,KOTA BANJAR,SMA (UMUM),1365.0,ORANG,2020
1160,32,JAWA BARAT,3279,KOTA BANJAR,SMA (KEJURUAN),2343.0,ORANG,2020
1161,32,JAWA BARAT,3279,KOTA BANJAR,DIPLOMA I/II/III/AKADEMI/UNIVERSITAS,677.0,ORANG,2020
1162,32,JAWA BARAT,3201,KABUPATEN BOGOR,SD KE BAWAH,87425.0,ORANG,2021
1163,32,JAWA BARAT,3201,KABUPATEN BOGOR,SMP,62464.0,ORANG,2021
1164,32,JAWA BARAT,3201,KABUPATEN BOGOR,SMA (UMUM),70395.0,ORANG,2021
1165,32,JAWA BARAT,3201,KABUPATEN BOGOR,SMA (KEJURUAN),102884.0,ORANG,2021
1166,32,JAWA BARAT,3201,KABUPATEN BOGOR,DIPLOMA I/II/III/AKADEMI/UNIVERSITAS,17436.0,ORANG,2021
1167,32,JAWA BARAT,3202,KABUPATEN SUKABUMI,SD KE BAWAH,35424.0,ORANG,2021
1168,32,JAWA BARAT,3202,KABUPATEN SUKABUMI,SMP,26774.0,ORANG,2021
1169,32,JAWA BARAT,3202,KABUPATEN SUKABUMI,SMA (UMUM),25255.0,ORANG,2021
1170,32,JAWA BARAT,3202,KABUPATEN SUKABUMI,SMA (KEJURUAN),26696.0,ORANG,2021
1171,32,JAWA BARAT,3202,KABUPATEN SUKABUMI,DIPLOMA I/II/III/AKADEMI/UNIVERSITAS,2132.0,ORANG,2021
1172,32,JAWA BARAT,3203,KABUPATEN CIANJUR,SD KE BAWAH,41565.0,ORANG,2021
1173,32,JAWA BARAT,3203,KABUPATEN CIANJUR,SMP,25909.0,ORANG,2021
1174,32,JAWA BARAT,3203,KABUPATEN CIANJUR,SMA (UMUM),19472.0,ORANG,2021
1175,32,JAWA BARAT,3203,KABUPATEN CIANJUR,SMA (KEJURUAN),19215.0,ORANG,2021
1176,32,JAWA BARAT,3203,KABUPATEN CIANJUR,DIPLOMA I/II/III/AKADEMI/UNIVERSITAS,3401.0,ORANG,2021
1177,32,JAWA BARAT,3204,KABUPATEN BANDUNG,SD KE BAWAH,29774.0,ORANG,2021
1178,32,JAWA BARAT,3204,KABUPATEN BANDUNG,SMP,32909.0,ORANG,2021
1179,32,JAWA BARAT,3204,KABUPATEN BANDUNG,SMA (UMUM),55342.0,ORANG,2021
1180,32,JAWA BARAT,3204,KABUPATEN BANDUNG,SMA (KEJURUAN),20976.0,ORANG,2021
1181,32,JAWA BARAT,3204,KABUPATEN BANDUNG,DIPLOMA I/II/III/AKADEMI/UNIVERSITAS,12907.0,ORANG,2021
1182,32,JAWA BARAT,3205,KABUPATEN GARUT,SD KE BAWAH,36023.0,ORANG,2021
1183,32,JAWA BARAT,3205,KABUPATEN GARUT,SMP,20359.0,ORANG,2021
1184,32,JAWA BARAT,3205,KABUPATEN GARUT,SMA (UMUM),30617.0,ORANG,2021
1185,32,JAWA BARAT,3205,KABUPATEN GARUT,SMA (KEJURUAN),14404.0,ORANG,2021
1186,32,JAWA BARAT,3205,KABUPATEN GARUT,DIPLOMA I/II/III/AKADEMI/UNIVERSITAS,2809.0,ORANG,2021
1187,32,JAWA BARAT,3206,KABUPATEN TASIKMALAYA,SD KE BAWAH,23584.0,ORANG,2021
1188,32,JAWA BARAT,3206,KABUPATEN TASIKMALAYA,SMP,9884.0,ORANG,2021
1189,32,JAWA BARAT,3206,KABUPATEN TASIKMALAYA,SMA (UMUM),4769.0,ORANG,2021
1190,32,JAWA BARAT,3206,KABUPATEN TASIKMALAYA,SMA (KEJURUAN),15545.0,ORANG,2021
1191,32,JAWA BARAT,3206,KABUPATEN TASIKMALAYA,DIPLOMA I/II/III/AKADEMI/UNIVERSITAS,3889.0,ORANG,2021
1192,32,JAWA BARAT,3207,KABUPATEN CIAMIS,SD KE BAWAH,8775.0,ORANG,2021
1193,32,JAWA BARAT,3207,KABUPATEN CIAMIS,SMP,4340.0,ORANG,2021
1194,32,JAWA BARAT,3207,KABUPATEN CIAMIS,SMA (UMUM),5453.0,ORANG,2021
1195,32,JAWA BARAT,3207,KABUPATEN CIAMIS,SMA (KEJURUAN),11536.0,ORANG,2021
1196,32,JAWA BARAT,3207,KABUPATEN CIAMIS,DIPLOMA I/II/III/AKADEMI/UNIVERSITAS,3857.0,ORANG,2021
1197,32,JAWA BARAT,3208,KABUPATEN KUNINGAN,SD KE BAWAH,24349.0,ORANG,2021
1198,32,JAWA BARAT,3208,KABUPATEN KUNINGAN,SMP,14095.0,ORANG,2021
1199,32,JAWA BARAT,3208,KABUPATEN KUNINGAN,SMA (UMUM),7757.0,ORANG,2021
1200,32,JAWA BARAT,3208,KABUPATEN KUNINGAN,SMA (KEJURUAN),14087.0,ORANG,2021
1201,32,JAWA BARAT,3208,KABUPATEN KUNINGAN,DIPLOMA I/II/III/AKADEMI/UNIVERSITAS,3089.0,ORANG,2021
1202,32,JAWA BARAT,3209,KABUPATEN CIREBON,SD KE BAWAH,35239.0,ORANG,2021
1203,32,JAWA BARAT,3209,KABUPATEN CIREBON,SMP,21525.0,ORANG,2021
1204,32,JAWA BARAT,3209,KABUPATEN CIREBON,SMA (UMUM),22716.0,ORANG,2021
1205,32,JAWA BARAT,3209,KABUPATEN CIREBON,SMA (KEJURUAN),31088.0,ORANG,2021
1206,32,JAWA BARAT,3209,KABUPATEN CIREBON,DIPLOMA I/II/III/AKADEMI/UNIVERSITAS,1861.0,ORANG,2021
1207,32,JAWA BARAT,3210,KABUPATEN MAJALENGKA,SD KE BAWAH,10628.0,ORANG,2021
1208,32,JAWA BARAT,3210,KABUPATEN MAJALENGKA,SMP,9796.0,ORANG,2021
1209,32,JAWA BARAT,3210,KABUPATEN MAJALENGKA,SMA (UMUM),6942.0,ORANG,2021
1210,32,JAWA BARAT,3210,KABUPATEN MAJALENGKA,SMA (KEJURUAN),7892.0,ORANG,2021
1211,32,JAWA BARAT,3210,KABUPATEN MAJALENGKA,DIPLOMA I/II/III/AKADEMI/UNIVERSITAS,1924.0,ORANG,2021
1212,32,JAWA BARAT,3211,KABUPATEN SUMEDANG,SD KE BAWAH,8867.0,ORANG,2021
1213,32,JAWA BARAT,3211,KABUPATEN SUMEDANG,SMP,12676.0,ORANG,2021
1214,32,JAWA BARAT,3211,KABUPATEN SUMEDANG,SMA (UMUM),13830.0,ORANG,2021
1215,32,JAWA BARAT,3211,KABUPATEN SUMEDANG,SMA (KEJURUAN),19925.0,ORANG,2021
1216,32,JAWA BARAT,3211,KABUPATEN SUMEDANG,DIPLOMA I/II/III/AKADEMI/UNIVERSITAS,3472.0,ORANG,2021
1217,32,JAWA BARAT,3212,KABUPATEN INDRAMAYU,SD KE BAWAH,33691.0,ORANG,2021
1218,32,JAWA BARAT,3212,KABUPATEN INDRAMAYU,SMP,11853.0,ORANG,2021
1219,32,JAWA BARAT,3212,KABUPATEN INDRAMAYU,SMA (UMUM),12221.0,ORANG,2021
1220,32,JAWA BARAT,3212,KABUPATEN INDRAMAYU,SMA (KEJURUAN),21476.0,ORANG,2021
1221,32,JAWA BARAT,3212,KABUPATEN INDRAMAYU,DIPLOMA I/II/III/AKADEMI/UNIVERSITAS,0.0,ORANG,2021
1222,32,JAWA BARAT,3213,KABUPATEN SUBANG,SD KE BAWAH,20910.0,ORANG,2021
1223,32,JAWA BARAT,3213,KABUPATEN SUBANG,SMP,18226.0,ORANG,2021
1224,32,JAWA BARAT,3213,KABUPATEN SUBANG,SMA (UMUM),19158.0,ORANG,2021
1225,32,JAWA BARAT,3213,KABUPATEN SUBANG,SMA (KEJURUAN),19417.0,ORANG,2021
1226,32,JAWA BARAT,3213,KABUPATEN SUBANG,DIPLOMA I/II/III/AKADEMI/UNIVERSITAS,4962.0,ORANG,2021
1227,32,JAWA BARAT,3214,KABUPATEN PURWAKARTA,SD KE BAWAH,14094.0,ORANG,2021
1228,32,JAWA BARAT,3214,KABUPATEN PURWAKARTA,SMP,7937.0,ORANG,2021
1229,32,JAWA BARAT,3214,KABUPATEN PURWAKARTA,SMA (UMUM),10560.0,ORANG,2021
1230,32,JAWA BARAT,3214,KABUPATEN PURWAKARTA,SMA (KEJURUAN),12434.0,ORANG,2021
1231,32,JAWA BARAT,3214,KABUPATEN PURWAKARTA,DIPLOMA I/II/III/AKADEMI/UNIVERSITAS,1902.0,ORANG,2021
1232,32,JAWA BARAT,3215,KABUPATEN KARAWANG,SD KE BAWAH,29578.0,ORANG,2021
1233,32,JAWA BARAT,3215,KABUPATEN KARAWANG,SMP,17364.0,ORANG,2021
1234,32,JAWA BARAT,3215,KABUPATEN KARAWANG,SMA (UMUM),40207.0,ORANG,2021
1235,32,JAWA BARAT,3215,KABUPATEN KARAWANG,SMA (KEJURUAN),44738.0,ORANG,2021
1236,32,JAWA BARAT,3215,KABUPATEN KARAWANG,DIPLOMA I/II/III/AKADEMI/UNIVERSITAS,5525.0,ORANG,2021
1237,32,JAWA BARAT,3216,KABUPATEN BEKASI,SD KE BAWAH,16392.0,ORANG,2021
1238,32,JAWA BARAT,3216,KABUPATEN BEKASI,SMP,27491.0,ORANG,2021
1239,32,JAWA BARAT,3216,KABUPATEN BEKASI,SMA (UMUM),42418.0,ORANG,2021
1240,32,JAWA BARAT,3216,KABUPATEN BEKASI,SMA (KEJURUAN),85519.0,ORANG,2021
1241,32,JAWA BARAT,3216,KABUPATEN BEKASI,DIPLOMA I/II/III/AKADEMI/UNIVERSITAS,25327.0,ORANG,2021
1242,32,JAWA BARAT,3217,KABUPATEN BANDUNG BARAT,SD KE BAWAH,22191.0,ORANG,2021
1243,32,JAWA BARAT,3217,KABUPATEN BANDUNG BARAT,SMP,18540.0,ORANG,2021
1244,32,JAWA BARAT,3217,KABUPATEN BANDUNG BARAT,SMA (UMUM),28826.0,ORANG,2021
1245,32,JAWA BARAT,3217,KABUPATEN BANDUNG BARAT,SMA (KEJURUAN),13456.0,ORANG,2021
1246,32,JAWA BARAT,3217,KABUPATEN BANDUNG BARAT,DIPLOMA I/II/III/AKADEMI/UNIVERSITAS,6189.0,ORANG,2021
1247,32,JAWA BARAT,3218,KABUPATEN PANGANDARAN,SD KE BAWAH,1409.0,ORANG,2021
1248,32,JAWA BARAT,3218,KABUPATEN PANGANDARAN,SMP,1775.0,ORANG,2021
1249,32,JAWA BARAT,3218,KABUPATEN PANGANDARAN,SMA (UMUM),1974.0,ORANG,2021
1250,32,JAWA BARAT,3218,KABUPATEN PANGANDARAN,SMA (KEJURUAN),2535.0,ORANG,2021
1251,32,JAWA BARAT,3218,KABUPATEN PANGANDARAN,DIPLOMA I/II/III/AKADEMI/UNIVERSITAS,146.0,ORANG,2021
1252,32,JAWA BARAT,3271,KOTA BOGOR,SD KE BAWAH,10786.0,ORANG,2021
1253,32,JAWA BARAT,3271,KOTA BOGOR,SMP,10139.0,ORANG,2021
1254,32,JAWA BARAT,3271,KOTA BOGOR,SMA (UMUM),15759.0,ORANG,2021
1255,32,JAWA BARAT,3271,KOTA BOGOR,SMA (KEJURUAN),23089.0,ORANG,2021
1256,32,JAWA BARAT,3271,KOTA BOGOR,DIPLOMA I/II/III/AKADEMI/UNIVERSITAS,2585.0,ORANG,2021
1257,32,JAWA BARAT,3272,KOTA SUKABUMI,SD KE BAWAH,2181.0,ORANG,2021
1258,32,JAWA BARAT,3272,KOTA SUKABUMI,SMP,2472.0,ORANG,2021
1259,32,JAWA BARAT,3272,KOTA SUKABUMI,SMA (UMUM),5818.0,ORANG,2021
1260,32,JAWA BARAT,3272,KOTA SUKABUMI,SMA (KEJURUAN),3554.0,ORANG,2021
1261,32,JAWA BARAT,3272,KOTA SUKABUMI,DIPLOMA I/II/III/AKADEMI/UNIVERSITAS,1494.0,ORANG,2021
1262,32,JAWA BARAT,3273,KOTA BANDUNG,SD KE BAWAH,18581.0,ORANG,2021
1263,32,JAWA BARAT,3273,KOTA BANDUNG,SMP,28379.0,ORANG,2021
1264,32,JAWA BARAT,3273,KOTA BANDUNG,SMA (UMUM),41386.0,ORANG,2021
1265,32,JAWA BARAT,3273,KOTA BANDUNG,SMA (KEJURUAN),36965.0,ORANG,2021
1266,32,JAWA BARAT,3273,KOTA BANDUNG,DIPLOMA I/II/III/AKADEMI/UNIVERSITAS,28194.0,ORANG,2021
1267,32,JAWA BARAT,3274,KOTA CIREBON,SD KE BAWAH,2295.0,ORANG,2021
1268,32,JAWA BARAT,3274,KOTA CIREBON,SMP,3667.0,ORANG,2021
1269,32,JAWA BARAT,3274,KOTA CIREBON,SMA (UMUM),3578.0,ORANG,2021
1270,32,JAWA BARAT,3274,KOTA CIREBON,SMA (KEJURUAN),4429.0,ORANG,2021
1271,32,JAWA BARAT,3274,KOTA CIREBON,DIPLOMA I/II/III/AKADEMI/UNIVERSITAS,2432.0,ORANG,2021
1272,32,JAWA BARAT,3275,KOTA BEKASI,SD KE BAWAH,15334.0,ORANG,2021
1273,32,JAWA BARAT,3275,KOTA BEKASI,SMP,12077.0,ORANG,2021
1274,32,JAWA BARAT,3275,KOTA BEKASI,SMA (UMUM),40548.0,ORANG,2021
1275,32,JAWA BARAT,3275,KOTA BEKASI,SMA (KEJURUAN),56194.0,ORANG,2021
1276,32,JAWA BARAT,3275,KOTA BEKASI,DIPLOMA I/II/III/AKADEMI/UNIVERSITAS,43821.0,ORANG,2021
1277,32,JAWA BARAT,3276,KOTA DEPOK,SD KE BAWAH,13084.0,ORANG,2021
1278,32,JAWA BARAT,3276,KOTA DEPOK,SMP,9211.0,ORANG,2021
1279,32,JAWA BARAT,3276,KOTA DEPOK,SMA (UMUM),31470.0,ORANG,2021
1280,32,JAWA BARAT,3276,KOTA DEPOK,SMA (KEJURUAN),47534.0,ORANG,2021
1281,32,JAWA BARAT,3276,KOTA DEPOK,DIPLOMA I/II/III/AKADEMI/UNIVERSITAS,16517.0,ORANG,2021
1282,32,JAWA BARAT,3277,KOTA CIMAHI,SD KE BAWAH,2654.0,ORANG,2021
1283,32,JAWA BARAT,3277,KOTA CIMAHI,SMP,6409.0,ORANG,2021
1284,32,JAWA BARAT,3277,KOTA CIMAHI,SMA (UMUM),8486.0,ORANG,2021
1285,32,JAWA BARAT,3277,KOTA CIMAHI,SMA (KEJURUAN),15220.0,ORANG,2021
1286,32,JAWA BARAT,3277,KOTA CIMAHI,DIPLOMA I/II/III/AKADEMI/UNIVERSITAS,5424.0,ORANG,2021
1287,32,JAWA BARAT,3278,KOTA TASIKMALAYA,SD KE BAWAH,7195.0,ORANG,2021
1288,32,JAWA BARAT,3278,KOTA TASIKMALAYA,SMP,3832.0,ORANG,2021
1289,32,JAWA BARAT,3278,KOTA TASIKMALAYA,SMA (UMUM),6207.0,ORANG,2021
1290,32,JAWA BARAT,3278,KOTA TASIKMALAYA,SMA (KEJURUAN),6385.0,ORANG,2021
1291,32,JAWA BARAT,3278,KOTA TASIKMALAYA,DIPLOMA I/II/III/AKADEMI/UNIVERSITAS,2617.0,ORANG,2021
1292,32,JAWA BARAT,3279,KOTA BANJAR,SD KE BAWAH,1280.0,ORANG,2021
1293,32,JAWA BARAT,3279,KOTA BANJAR,SMP,739.0,ORANG,2021
1294,32,JAWA BARAT,3279,KOTA BANJAR,SMA (UMUM),924.0,ORANG,2021
1295,32,JAWA BARAT,3279,KOTA BANJAR,SMA (KEJURUAN),2517.0,ORANG,2021
1296,32,JAWA BARAT,3279,KOTA BANJAR,DIPLOMA I/II/III/AKADEMI/UNIVERSITAS,287.0,ORANG,2021
